Workbook

Sheet 내역
A1: 날짜 | B1: 구분 | C1: 항목 | D1: 내용 | E1: 외화 | F1: 금액(원) | G1: 결제자 | H1: 인원 | I1: 다현 | J1: 지은 | K1: 서준 | L1: 하윤 | M1: 부호
A2: 2026-07-01 | B2: 회비 | D2: 회비 | F2: 300000 | G2: 다현 | H2: =MAX(1,SUM(I2:L2)) -> 1 | M2: 0
A3: 2026-07-01 | B3: 회비 | D3: 회비 | F3: 300000 | G3: 지은 | H3: =MAX(1,SUM(I3:L3)) -> 1 | M3: 0
A4: 2026-07-01 | B4: 회비 | D4: 회비 | F4: 300000 | G4: 서준 | H4: =MAX(1,SUM(I4:L4)) -> 1 | M4: 0
A5: 2026-07-01 | B5: 회비 | D5: 회비 | F5: 300000 | G5: 하윤 | H5: =MAX(1,SUM(I5:L5)) -> 1 | M5: 0
A6: 2026-07-05 | B6: 지출 | C6: 숙소 | D6: 호텔 3박 | F6: 640000 | G6: 공동 | H6: =MAX(1,SUM(I6:L6)) -> 4 | I6: 1 | J6: 1 | K6: 1 | L6: 1 | M6: 1
A7: 2026-07-10 | B7: 지출 | C7: 교통 | D7: 나리타 익스프레스 | E7: ¥12000 | F7: 110400 | G7: 공동 | H7: =MAX(1,SUM(I7:L7)) -> 4 | I7: 1 | J7: 1 | K7: 1 | L7: 1 | M7: 1
A8: 2026-07-10 | B8: 지출 | C8: 식당 | D8: 첫날 이자카야 | E8: ¥18400 | F8: 169280 | G8: 공동 | H8: =MAX(1,SUM(I8:L8)) -> 4 | I8: 1 | J8: 1 | K8: 1 | L8: 1 | M8: 1
A9: 2026-07-11 | B9: 지출 | C9: 카페 | D9: 긴자 카페 | E9: ¥2600 | F9: 23920 | G9: 공동 | H9: =MAX(1,SUM(I9:L9)) -> 2 | J9: 1 | K9: 1 | M9: 1
A10: 2026-07-11 | B10: 지출 | C10: 관광 | D10: 디즈니랜드 입장 | E10: ¥37600 | F10: 345920 | G10: 공동 | H10: =MAX(1,SUM(I10:L10)) -> 4 | I10: 1 | J10: 1 | K10: 1 | L10: 1 | M10: 1
A11: 2026-07-12 | B11: 지출 | C11: 마트 | D11: 돈키호테 장보기 | E11: ¥8900 | F11: 81880 | G11: 공동 | H11: =MAX(1,SUM(I11:L11)) -> 4 | I11: 1 | J11: 1 | K11: 1 | L11: 1 | M11: 1
A12: 2026-07-12 | B12: 지출 | C12: 기념품 | D12: 선물 세트 | E12: ¥14500 | F12: 133400 | G12: 하윤 | H12: =MAX(1,SUM(I12:L12)) -> 4 | I12: 1 | J12: 1 | K12: 1 | L12: 1 | M12: 1
A13: 2026-07-13 | B13: 지출 | C13: 식당 | D13: 마지막 스시 | E13: ¥22000 | F13: 202400 | G13: 공동 | H13: =MAX(1,SUM(I13:L13)) -> 4 | I13: 1 | J13: 1 | K13: 1 | L13: 1 | M13: 1
A14: 2026-07-09 | B14: 찬조 | D14: 엄마 여행비 보태주심 | F14: 200000 | H14: =MAX(1,SUM(I14:L14)) -> 4 | I14: 1 | J14: 1 | K14: 1 | L14: 1 | M14: -1
A16: ※ 멤버 열의 1 = 그 지출에 참여(비용 분담). 부호: 지출 1, 찬조 -1, 회비 0. 인원은 참여자 수(회비는 1로 처리).

Sheet 정산 요약
B2: 도쿄 3박4일 · 정산 요약
B4: 모인 돈 | C4: 쓴 돈 | D4: 남은 돈
B5: =SUMIFS(내역!F:F,내역!B:B,"회비")+SUMIFS(내역!F:F,내역!B:B,"찬조") -> 1400000 | C5: =SUMIFS(내역!F:F,내역!B:B,"지출") -> 1707200 | D5: =B5-SUMIFS(내역!F:F,내역!B:B,"지출",내역!G:G,"공동") -> -173800
B7: 이름 | C7: 낸 회비 | D7: 개인 결제 | E7: 부담액 | F7: 정산 (받을+/낼-)
B8: 다현 | C8: =0+0+SUMIFS(내역!$F:$F,내역!$B:$B,"회비",내역!$G:$G,"다현") -> 300000 | D8: =SUMIFS(내역!$F:$F,내역!$B:$B,"지출",내역!$G:$G,"다현") -> 0 | E8: =SUMPRODUCT(내역!$I$2:$I$14,내역!$F$2:$F$14/내역!$H$2:$H$14,내역!$M$2:$M$14) -> 370820 | F8: =C8+D8-E8 -> -70820
B9: 지은 | C9: =0+0+SUMIFS(내역!$F:$F,내역!$B:$B,"회비",내역!$G:$G,"지은") -> 300000 | D9: =SUMIFS(내역!$F:$F,내역!$B:$B,"지출",내역!$G:$G,"지은") -> 0 | E9: =SUMPRODUCT(내역!$J$2:$J$14,내역!$F$2:$F$14/내역!$H$2:$H$14,내역!$M$2:$M$14) -> 382780 | F9: =C9+D9-E9 -> -82780
B10: 서준 | C10: =0+0+SUMIFS(내역!$F:$F,내역!$B:$B,"회비",내역!$G:$G,"서준") -> 300000 | D10: =SUMIFS(내역!$F:$F,내역!$B:$B,"지출",내역!$G:$G,"서준") -> 0 | E10: =SUMPRODUCT(내역!$K$2:$K$14,내역!$F$2:$F$14/내역!$H$2:$H$14,내역!$M$2:$M$14) -> 382780 | F10: =C10+D10-E10 -> -82780
B11: 하윤 | C11: =0+0+SUMIFS(내역!$F:$F,내역!$B:$B,"회비",내역!$G:$G,"하윤") -> 300000 | D11: =SUMIFS(내역!$F:$F,내역!$B:$B,"지출",내역!$G:$G,"하윤") -> 133400 | E11: =SUMPRODUCT(내역!$L$2:$L$14,내역!$F$2:$F$14/내역!$H$2:$H$14,내역!$M$2:$M$14) -> 370820 | F11: =C11+D11-E11 -> 62580
B12: 합계 | C12: =SUM(C8:C11) -> 1200000 | D12: =SUM(D8:D11) -> 133400 | E12: =SUM(E8:E11) -> 1507200 | F12: =SUM(F8:F11) -> -173800
B14: · 정산: 양수=돌려받을 돈, 음수=더 낼 돈 · 부담액=각 지출을 참여자 수로 나눈 몫의 합 (찬조는 부담을 줄임)

Sheet 항목별 합계
B2: 항목별 지출 합계
B4: 항목 | C4: 금액 | D4: 비율
B5: 숙소 | C5: =SUMIFS(내역!F:F,내역!B:B,"지출",내역!C:C,"숙소") -> 640000 | D5: =C5/$C$12 -> 0.37488285
B6: 교통 | C6: =SUMIFS(내역!F:F,내역!B:B,"지출",내역!C:C,"교통") -> 110400 | D6: =C6/$C$12 -> 0.064667291
B7: 식당 | C7: =SUMIFS(내역!F:F,내역!B:B,"지출",내역!C:C,"식당") -> 371680 | D7: =C7/$C$12 -> 0.21771321
B8: 카페 | C8: =SUMIFS(내역!F:F,내역!B:B,"지출",내역!C:C,"카페") -> 23920 | D8: =C8/$C$12 -> 0.014011246
B9: 관광 | C9: =SUMIFS(내역!F:F,내역!B:B,"지출",내역!C:C,"관광") -> 345920 | D9: =C9/$C$12 -> 0.20262418
B10: 마트 | C10: =SUMIFS(내역!F:F,내역!B:B,"지출",내역!C:C,"마트") -> 81880 | D10: =C10/$C$12 -> 0.047961575
B11: 기념품 | C11: =SUMIFS(내역!F:F,내역!B:B,"지출",내역!C:C,"기념품") -> 133400 | D11: =C11/$C$12 -> 0.078139644
B12: 합계 | C12: =SUM(C5:C11) -> 1707200
